bangalore,delhi,lucknow,chennai
0.9541955413999452,10.866166954,10.885791198,10.92069146
10.92069146,10.866166954,10.885791198,10.92069146
10.993303800859152,10.860561446594472,10.881771333835552,10.9140638647251
10.993303800859152,10.866166954,10.885791198,10.92069146
