bangalore,delhi,lucknow,chennai
0.9541955413999452,0.2244724181396822,0.42847283027879024,0.6516742198110291
0.9541955413999452,0.2244724181396822,0.4284728302787902,0.6516742198110291
10.92069146,10.866166954,10.885791198,10.92069146
10.993303800859152,10.866166954,10.885791198,10.92069146
