bangalore,delhi,lucknow,chennai
0.9187551028842554,0.2911504688260423,0.4642085903548232,0.6804605407091847
0.9541955413999452,0.2244724181396822,0.4284728302787902,0.6516742198110291
10.92069146,10.866166954,10.885791198,10.92069146
10.993303800859152,10.866166954,10.885791198,10.92069146
