bangalore,delhi,lucknow,chennai
0.897330420696393,0.4215902440668748,0.5345450224674535,0.7461507835001421
0.9051884952795358,0.3099371670183288,0.4703066822152951,0.7102159713385505
0.9187551028842554,0.2911504688260423,0.4642085903548232,0.6804605407091847
0.9541955413999452,0.2244724181396822,0.4284728302787902,0.6516742198110291
