bangalore,delhi,lucknow,chennai
1.6396031651720535,2.662703242926712,2.64219143816479,1.633478286068598
1.6426703695529106,2.662316822101568,2.653925015475001,1.6369342513102256
1.650135390904026,2.667741774072955,2.6610718931079136,1.6396385183613262
1.6554194693416482,2.676654942200968,2.665901459800342,1.6411655802292942
