bangalore,delhi,lucknow,chennai
1.6554194693416482,2.676654942200968,2.665901459800342,1.6411655802292942
10.993303800859152,10.866166954,10.885791198,10.92069146
10.993303800859152,10.866166954,10.885791198,10.92069146
10.993303800859152,10.866166954,10.885791198,10.92069146
