bangalore,delhi,lucknow,chennai
1.6554194693416482,10.866166954,10.885791198,10.92069146
10.993303800859152,10.866166954,10.885791198,10.92069146
10.993303800859152,10.866166954,10.885791198,10.92069146
10.863433032755092,10.872164323,10.887238756,10.93953523
