bangalore,delhi,lucknow,chennai
1.6556200591787797,10.863433032755092,10.879427636648312,10.916332648227248
10.863433032755092,10.860561446594472,10.881771333835552,10.9140638647251
10.996445774604236,10.866166954,10.885791198,10.92069146
10.993303800859152,10.872164323,10.887238756,10.93953523
